{
    "materials":[{
        "visible":true,
        "DbgIndex":0,
        "opacity":1,
        "colorSpecular":[0.5,0.5,0.5],
        "wireframe":false,
        "doubleSided":false,
        "colorEmissive":[0,0,0],
        "DbgColor":15658734,
        "specularCoef":50,
        "depthWrite":true,
        "shading":"phong",
        "transparent":false,
        "blending":1,
        "colorDiffuse":[0.64,0.64,0.64],
        "DbgName":"Material.001",
        "depthTest":true
    },{
        "visible":true,
        "DbgIndex":1,
        "opacity":1,
        "colorSpecular":[0.5,0.5,0.5],
        "wireframe":false,
        "doubleSided":false,
        "colorEmissive":[0,0,0],
        "DbgColor":15597568,
        "specularCoef":50,
        "depthWrite":false,
        "shading":"phong",
        "transparent":false,
        "blending":1,
        "colorDiffuse":[0.64,0.64,0.64],
        "DbgName":"Material.002",
        "depthTest":false
    },{
        "visible":true,
        "DbgIndex":2,
        "opacity":1,
        "colorSpecular":[0.5,0.5,0.5],
        "wireframe":false,
        "doubleSided":false,
        "colorEmissive":[0,0,0],
        "DbgColor":60928,
        "specularCoef":50,
        "depthWrite":false,
        "shading":"phong",
        "transparent":false,
        "blending":1,
        "colorDiffuse":[0.64,0.64,0.64],
        "DbgName":"Material.003",
        "depthTest":false
    }],
    "vertices":[-3,-3,3,-3,3,3,-3,-3,-3,-3,3,-3,3,-3,3,3,3,3,3,-3,-3,3,3,-3,-3,-1,3,-3,1,3,-3,1,-3,-3,-1,-3,3,1,-3,3,-1,-3,3,1,3,3,-1,3,-3,-3,-1,-3,-3,1,-3,3,1,-3,3,-1,3,-3,1,3,-3,-1,3,3,-1,3,3,1,3,-1,-1,3,-1,1,3,1,-1,3,1,1,-3,-1,1,-3,-1,-1,-3,1,1,-3,1,-1,1,-3,-3,-1,-3,-3,-1,3,-3,1,3,-3,-1,-3,3,1,-3,3,1,3,3,-1,3,3,1,-1,3,-1,-1,3,1,1,3,-1,1,3,-1,-1,-3,1,-1,-3,-1,1,-3,1,1,-3,-1,3,-1,1,3,-1,-1,3,1,1,3,1,1,-3,-1,-1,-3,-1,1,-3,1,-1,-3,1,-5,-1,3,-5,1,3,-5,-1,1,-5,1,1],
    "normals":[-1,0,0,0,-1.19209e-07,-1,1,0,0,0,1.19209e-07,1,0,-1,1.19209e-07,0,1,-1.19209e-07,-0,0,1,-0,0,-1,0,1,0,0,-1,-0,0,-5.96047e-08,-1,0,1,-5.96046e-08,0,-1,2.98023e-08],
    "metadata":{
        "version":3,
        "uvs":0,
        "generator":"io_three",
        "normals":13,
        "materials":3,
        "type":"Geometry",
        "vertices":60,
        "faces":58
    },
    "faces":[35,31,19,3,10,0,0,0,0,0,35,47,35,7,12,0,1,1,1,1,35,27,23,5,14,0,2,2,2,2,35,43,39,1,9,1,3,3,3,3,35,54,20,4,37,0,4,4,4,4,35,50,18,1,39,1,5,5,5,5,35,8,0,36,41,0,3,3,3,3,35,41,43,9,8,0,6,6,6,6,35,20,25,15,4,0,2,2,2,2,35,25,27,14,15,0,2,2,2,2,35,32,45,13,6,0,1,1,1,1,35,45,47,12,13,0,7,7,7,7,35,16,29,11,2,0,0,0,0,0,35,29,31,10,11,0,0,0,0,0,35,8,9,57,56,1,6,6,6,6,35,28,30,31,29,0,0,0,0,0,35,0,8,28,17,2,0,0,0,0,35,17,28,29,16,0,0,0,0,0,35,13,12,26,24,0,2,2,2,2,35,24,26,27,25,0,2,2,2,2,35,6,13,24,21,0,2,2,2,2,35,21,24,25,20,0,2,2,2,2,35,34,3,19,48,0,5,5,5,5,35,48,19,18,50,0,8,8,8,8,35,32,6,21,52,0,4,4,4,4,35,52,21,20,54,0,9,9,9,9,35,12,7,22,26,0,2,2,2,2,35,26,22,23,27,0,2,2,2,2,35,9,1,18,30,1,0,0,0,0,35,30,18,19,31,0,0,0,0,0,35,16,53,55,17,0,9,9,9,9,35,53,52,54,55,0,9,9,9,9,35,2,33,53,16,0,4,4,4,4,35,33,32,52,53,0,4,4,4,4,35,22,49,51,23,0,8,8,8,8,35,49,48,50,51,0,8,8,8,8,35,7,35,49,22,0,5,5,5,5,35,35,34,48,49,0,5,5,5,5,35,11,10,46,44,0,7,7,7,7,35,44,46,47,45,0,7,7,7,7,35,2,11,44,33,0,1,1,1,1,35,33,44,45,32,0,1,1,1,1,35,15,14,42,40,0,6,6,6,6,35,40,42,43,41,0,6,6,6,6,35,4,15,40,37,0,3,3,3,3,35,37,40,41,36,0,3,3,3,3,35,23,51,38,5,0,5,5,5,5,35,51,50,39,38,0,5,5,5,5,35,36,0,17,55,0,4,4,4,4,35,55,54,37,36,0,4,4,4,4,35,14,5,38,42,0,3,3,3,3,35,42,38,39,43,0,3,3,3,3,35,10,3,34,46,0,1,1,1,1,35,46,34,35,47,0,1,1,1,1,35,56,57,59,58,1,0,0,0,0,35,30,28,58,59,1,10,10,10,10,35,9,30,59,57,1,11,11,11,11,35,28,8,56,58,1,12,12,12,12],
    "uvs":[]
}