{
    "uvs":[],
    "normals":[1.19209e-07,-1.19209e-07,-1,1,7.10543e-15,1.19209e-07,-1.19209e-07,1.19209e-07,1,-1,-1.06581e-14,-1.19209e-07,-3.55271e-15,-1,1.19209e-07,0,1,-1.19209e-07,-1,-7.10543e-15,-1.19209e-07,-1,0,-1.19209e-07,-1.19209e-07,0,1,1,1.06581e-14,1.19209e-07,1,0,1.19209e-07,1.19209e-07,0,-1,1,0,0,-0,0,1,-1,0,0,3.55271e-15,1,-1.19209e-07,-0,1,0,0,-1,1.19209e-07,0,-1,0,-3.55271e-15,-1,1.19209e-07,3.55271e-15,1,-1.19209e-07,-0,0,-1,0,-1.19209e-07,-1,0,1.19209e-07,1,0,-2.98023e-08,-1,0,1,-5.96047e-08,0,-1,2.98023e-08],
    "faces":[35,47,35,3,10,0,0,0,0,0,35,31,19,7,12,0,1,1,1,1,35,43,39,5,14,1,2,2,2,2,35,27,23,1,9,0,3,3,3,3,35,55,36,4,21,0,4,4,4,4,35,51,34,1,23,0,5,5,5,5,35,8,0,20,25,0,6,6,6,6,35,25,27,9,8,0,7,7,7,7,35,36,41,15,4,0,2,2,2,2,35,41,43,14,15,0,8,8,8,8,35,16,29,13,6,0,9,9,9,9,35,29,31,12,13,0,10,10,10,10,35,32,45,11,2,0,0,0,0,0,35,45,47,10,11,0,11,11,11,11,35,11,10,30,28,0,12,12,12,12,35,28,30,31,29,0,12,12,12,12,35,2,11,28,17,0,12,12,12,12,35,17,28,29,16,0,12,12,12,12,35,15,14,56,57,1,13,13,13,13,35,24,26,27,25,0,14,14,14,14,35,4,15,24,21,2,14,14,14,14,35,21,24,25,20,0,14,14,14,14,35,39,49,22,5,1,15,15,15,15,35,49,51,23,22,0,16,16,16,16,35,20,0,33,53,0,17,17,17,17,35,53,55,21,20,0,18,18,18,18,35,14,5,22,26,1,14,14,14,14,35,26,22,23,27,0,14,14,14,14,35,10,3,18,30,0,12,12,12,12,35,30,18,19,31,0,12,12,12,12,35,17,16,54,52,0,18,18,18,18,35,52,54,55,53,0,18,18,18,18,35,2,17,52,32,0,19,19,19,19,35,32,52,53,33,0,4,4,4,4,35,19,18,50,48,0,16,16,16,16,35,48,50,51,49,0,16,16,16,16,35,7,19,48,38,0,5,5,5,5,35,38,48,49,39,0,20,20,20,20,35,8,9,46,44,0,21,21,21,21,35,44,46,47,45,0,21,21,21,21,35,0,8,44,33,0,22,22,22,22,35,33,44,45,32,0,22,22,22,22,35,13,12,42,40,0,13,13,13,13,35,40,42,43,41,0,13,13,13,13,35,6,13,40,37,0,23,23,23,23,35,37,40,41,36,0,23,23,23,23,35,18,3,35,50,0,20,20,20,20,35,50,35,34,51,0,5,5,5,5,35,16,6,37,54,0,17,17,17,17,35,54,37,36,55,0,17,17,17,17,35,12,7,38,42,0,23,23,23,23,35,42,38,39,43,0,23,23,23,23,35,9,1,34,46,0,22,22,22,22,35,46,34,35,47,0,22,22,22,22,35,57,56,59,58,1,14,14,14,14,35,26,24,58,59,1,24,24,24,24,35,14,26,59,56,1,25,25,25,25,35,24,15,57,58,1,26,26,26,26],
    "metadata":{
        "uvs":0,
        "faces":58,
        "generator":"io_three",
        "vertices":60,
        "type":"Geometry",
        "normals":27,
        "version":3,
        "materials":3
    },
    "materials":[{
        "specularCoef":50,
        "colorSpecular":[0.5,0.5,0.5],
        "doubleSided":false,
        "transparent":false,
        "DbgIndex":0,
        "DbgName":"Material.006",
        "depthTest":true,
        "wireframe":false,
        "blending":1,
        "shading":"phong",
        "depthWrite":true,
        "colorDiffuse":[0.64,0.64,0.64],
        "opacity":1,
        "colorEmissive":[0,0,0],
        "visible":true,
        "DbgColor":15658734
    },{
        "specularCoef":50,
        "colorSpecular":[0.5,0.5,0.5],
        "doubleSided":false,
        "transparent":false,
        "DbgIndex":1,
        "DbgName":"Material.005",
        "depthTest":true,
        "wireframe":false,
        "blending":1,
        "shading":"phong",
        "depthWrite":true,
        "colorDiffuse":[0.64,0.64,0.64],
        "opacity":1,
        "colorEmissive":[0,0,0],
        "visible":true,
        "DbgColor":15597568
    },{
        "specularCoef":50,
        "colorSpecular":[0.5,0.5,0.5],
        "doubleSided":false,
        "transparent":false,
        "DbgIndex":2,
        "DbgName":"Material.004",
        "depthTest":true,
        "wireframe":false,
        "blending":1,
        "shading":"phong",
        "depthWrite":true,
        "colorDiffuse":[0.64,0.64,0.64],
        "opacity":1,
        "colorEmissive":[0,0,0],
        "visible":true,
        "DbgColor":60928
    }],
    "vertices":[-1.5,-1.5,-1.5,-1.5,1.5,-1.5,1.5,-1.5,-1.5,1.5,1.5,-1.5,-1.5,-1.5,1.5,-1.5,1.5,1.5,1.5,-1.5,1.5,1.5,1.5,1.5,-1.5,-0.5,-1.5,-1.5,0.5,-1.5,1.5,0.5,-1.5,1.5,-0.5,-1.5,1.5,0.5,1.5,1.5,-0.5,1.5,-1.5,0.5,1.5,-1.5,-0.5,1.5,1.5,-1.5,0.5,1.5,-1.5,-0.5,1.5,1.5,-0.5,1.5,1.5,0.5,-1.5,-1.5,-0.5,-1.5,-1.5,0.5,-1.5,1.5,0.5,-1.5,1.5,-0.5,-1.5,-0.5,0.5,-1.5,-0.5,-0.5,-1.5,0.5,0.5,-1.5,0.5,-0.5,1.5,-0.5,-0.5,1.5,-0.5,0.5,1.5,0.5,-0.5,1.5,0.5,0.5,0.5,-1.5,-1.5,-0.5,-1.5,-1.5,-0.5,1.5,-1.5,0.5,1.5,-1.5,-0.5,-1.5,1.5,0.5,-1.5,1.5,0.5,1.5,1.5,-0.5,1.5,1.5,0.5,-0.5,1.5,-0.5,-0.5,1.5,0.5,0.5,1.5,-0.5,0.5,1.5,-0.5,-0.5,-1.5,0.5,-0.5,-1.5,-0.5,0.5,-1.5,0.5,0.5,-1.5,0.5,1.5,0.5,-0.5,1.5,0.5,0.5,1.5,-0.5,-0.5,1.5,-0.5,0.5,-1.5,-0.5,-0.5,-1.5,-0.5,0.5,-1.5,0.5,-0.5,-1.5,0.5,-2.5,0.5,1.5,-2.5,-0.5,1.5,-2.5,-0.5,0.5,-2.5,0.5,0.5]
}